Student ID,First Name,Last Name,Grade,Class Of,Address 1,Address 2,City,State,Country,Zipcode,Telephone,Email
900099,Basant,Sharma,10,2016,3/226 jaipur road,,jaipur,raj,india,4561122,77845122135,basant.sharma@gmail.com
900100,Gaurav,Goyal,10,2016,3/223 jaipur road,,jaipur,raj,india,4561122,77845122132,gaurav.goyal@gmail.com
900101,Aman,Goel,11,2015,3/223 bhewani road,,bhewani,U.P,india,4563342,73855672892,aman.goel@gmail.com
900102,Subhojit,Paul,12,2014,3/223 kolkata road,,kolkata,W.B,india,4562355,83854656792,subhojit.paul@gmail.com